first,last,age,email
Ethan,Flores,28,vasvewon@hable.im
Mollie,Cortez,24,co@go.bj
Teresa,Beck,31,gefuneev@hebesabu.sg
Henry,Lawson,65,sesne@tuf.gf
Stephen,Maxwell,40,ojtoz@pidigji.ro
Sarah,Flowers,50,vuvpokumi@lucuvub.mk
Cornelia,Ferguson,27,wovkal@kuwsurdo.cn
Mabel,Graham,24,wemi@sedi.gt
Mittie,Higgins,18,wol@ajka.rw
Jose,Wagner,43,kuzlu@zezwe.rw
Lillie,Chandler,34,bepfap@tut.sd
Connor,Gray,56,umdowpo@newlewij.ma
Eva,Sanders,41,tilbufac@wu.me
Fannie,Phillips,48,ale@cecidcus.ca
Marc,Wolfe,64,je@avicmaf.gg
Hilda,Reese,37,gitew@si.ae
Dylan,Marsh,43,fev@gulgeva.ge
Andre,Ortiz,19,udojesisa@lu.bb
Callie,Shaw,37,penuga@un.uz
Alex,Sutton,64,ticdodru@vozvauvo.bm
Annie,Palmer,27,narziglen@gi.mx
Milton,Figueroa,63,motno@dic.as
Evelyn,Moss,55,pe@dihu.pr
Myrtie,Perry,34,ki@pazemo.md
Susie,Miles,21,tep@puzuba.ma
Manuel,Curry,59,zim@jolmi.hk
Erik,Duncan,34,me@sepe.hu
Travis,McCoy,63,actiti@ic.nz
Micheal,Powell,55,ise@wacwakpew.be
Alice,Ford,50,avpa@ru.cz
Gene,Cannon,58,zuhuk@oj.ao
Vernon,Barrett,24,gevbih@ifi.hn
Alfred,Garner,42,vobu@mommabu.uk
Elizabeth,Figueroa,33,acgehhal@eno.gd
Rachel,Zimmerman,22,kabe@da.ca
Edith,Ward,34,egotu@puev.cg
Lou,Garner,27,ikewiteb@pevut.bd
Mattie,Ortiz,55,ejuwarme@mit.il
Gertrude,Bishop,59,tajo@cubu.bi
Hattie,Chapman,52,luda@ho.ye
Kenneth,Gray,33,va@wu.cw
Georgia,Cross,29,vapujo@ac.so
Jeremiah,Larson,53,dab@tew.it
Jeffrey,Massey,58,gussel@idu.lt
Maurice,Lucas,58,rejac@pejuluama.an
Alvin,Santos,38,eletijho@hevwewe.md
Stephen,Wade,38,tilojbof@wiataba.fm
Rena,Dean,39,ka@rebihiso.ge
Carl,Ramos,29,pufe@atihace.bq
Emilie,Bryant,22,sudoljub@de.gw
Stella,Bowman,21,hupet@fujbek.hm
Helena,Peters,23,me@zojo.tr
Maude,Price,21,za@puha.tn
Glen,Cobb,21,rivegde@vow.tc
Fred,Washington,36,ilparhoc@fakza.ws
Bertha,James,46,ehvawu@wibata.bi
Ophelia,White,39,iw@ju.sm
Nell,Lyons,49,fopnelce@deic.eh
Herman,Lambert,35,menieco@lelrenup.as
Ann,Perez,35,ikkef@jiplesci.cc
Betty,Herrera,21,judki@rudawih.jp
Fanny,Hughes,41,wiipa@evwat.me
Sean,Ryan,19,tibpelagu@piw.ml
Lula,Cunningham,22,te@izozer.pw
Cole,Frazier,55,riwbizeh@ni.fk
Calvin,Butler,48,zupvagjub@cogko.km
Lula,Lynch,27,amu@kokimsum.kn
Sarah,Collins,42,sizhofliw@ejajotwa.my
Phillip,Cook,53,ic@okeaz.mm
Janie,Snyder,43,zejlemum@repba.nu
Anne,Robinson,21,in@ibiziv.ky
Nell,Carroll,29,danas@jid.im
Charlie,Smith,26,obo@azi.ve
Martin,Ball,43,jiwla@zorju.gw
Eunice,Patterson,39,zonus@ko.sg
Carl,Nguyen,35,idejifice@sejfobut.pf
Lawrence,Gibson,20,jeoniiwi@tebef.ir
Kenneth,Wong,64,akeoluzu@atiko.mw
Alberta,Cole,41,peh@me.tr
Kate,Clarke,47,wanitu@ta.by
Evan,Pena,36,elipejmuv@vunmulan.jp
Bernard,Reynolds,61,iwezic@leogsoj.bm
Fred,Cain,25,pav@du.bz
Eleanor,Bass,39,ujoar@adofemgem.mc
Noah,Wright,25,okuw@rivag.cf
Jacob,Ford,48,kobodla@soj.io
Augusta,Martin,42,molpomale@ucaugi.je
Leona,Mason,21,houghav@tosca.pf
Gilbert,Parks,18,niz@tev.jo
Josephine,Howell,58,du@def.as
Ellen,Jones,52,zohzep@le.ss
Ellen,Paul,61,pi@hihjewkid.ir
Steve,Douglas,31,maboid@jenher.rs
Alfred,Bowen,24,kev@waliso.re
Charles,Wright,64,ashew@bor.tr
Floyd,Strickland,33,majdesfov@ajivesi.vc
Eunice,Horton,25,gonseniv@otez.ao
Trevor,Armstrong,38,uzveg@kec.es
Lettie,Mendoza,48,iguujror@nus.km
Augusta,Carter,58,ho@radilfup.cw
Landon,Nelson,44,amosohtuk@ovofo.ve
Eula,Malone,61,heev@vo.hk
Anne,Steele,38,mibpersev@lehuhta.edu
Birdie,Rhodes,50,ze@lir.ke
Teresa,Pierce,58,lu@heco.gm
Jared,Matthews,26,comcando@dingohli.org
Birdie,Carson,62,evovo@po.fo
Cora,Francis,25,olutocor@igsimuje.tr
Cornelia,Morris,21,ochej@pi.is
Bessie,Rios,53,kiihuhi@rep.ie
Michael,Silva,43,ce@acewed.ua
Abbie,James,59,tov@tek.co
Olivia,McLaughlin,47,jisagnam@judnogez.org
Lou,Gibbs,35,neji@jid.sg
Adelaide,Johnson,58,ad@run.gl
Robert,Colon,24,gib@abemuhe.bm
Joe,Gilbert,26,hajno@koakcil.gh
Benjamin,Logan,24,si@mob.cd
Bruce,Porter,59,giklubo@fu.kz
Sam,Fisher,44,lear@juh.tj
Cecilia,Johnston,24,ma@dajkane.il
Troy,Schwartz,48,huzrizit@zub.mv
Ora,Herrera,26,ev@irkehoj.mx
Mike,Arnold,60,ho@wih.su
Marie,Bass,40,welu@pa.hm
Matthew,Sharp,37,dufi@ninvur.gd
Lydia,Williamson,19,uta@tuckofze.gov
Sara,Pope,57,ma@pubfuute.mn
Vincent,Kelly,40,rus@fus.gov
Brent,Elliott,61,cajimoho@fezpimhe.im
Ina,Howard,58,lez@fihlira.id
Oscar,Carroll,65,fawot@cowsehu.mh
Josie,Joseph,47,voneumi@ezarel.uk
Harry,Nunez,38,vunip@suggah.ye
Ray,Sharp,42,bi@icwuzu.tv
Isaiah,Bass,31,huja@eduiro.ni
Della,Reyes,30,zuk@cacota.af
Mario,Grant,19,sicwula@piju.pw
Lydia,Caldwell,43,kozoh@rihep.ps
Wesley,Wilkerson,55,ukbam@rojoeni.net
Barbara,King,54,iwba@sovolen.pw
Nathaniel,Murray,35,ra@ini.com
Ora,Howell,20,balra@ni.fr
Tony,Casey,32,wolozaw@cu.ad
Leah,Ruiz,47,siin@kogpesoh.sz
Gertrude,Neal,26,vad@ruzkosov.ai
Harry,Swanson,27,rutuver@tiudu.vi
Noah,Higgins,58,culod@idizeeda.mt
Elsie,Reed,46,idwi@oge.ir
Connor,Morton,63,mahjom@agilowak.pk
Anne,Becker,62,sefuow@lofinku.gi
Margaret,Klein,35,dobdera@goevecu.cn
Victor,Potter,35,hammo@ogihubrat.et
Rodney,Brewer,38,sativ@wid.au
Adeline,Becker,40,bikecega@orija.ae
Hettie,Fields,22,ow@elibutu.ru
Cordelia,Garner,19,riotboh@vepusut.tg
Louis,Ballard,41,maffen@zondojmi.be
Ophelia,Vargas,39,jer@lammuk.kz
Hannah,Horton,43,zezasfa@pu.gp
Maude,Drake,18,jedal@avahecu.mx
Floyd,Bowers,38,vaovfo@tad.vc
Manuel,Rowe,60,gofon@uzmug.re
Eva,Strickland,63,tacwal@dak.pa
Minerva,Watkins,19,lof@vireduso.su
Eva,Payne,52,umgenewi@soir.qa
Allen,Schneider,19,jaz@vukoifa.tz
Lee,Taylor,61,ijupokjup@jumaj.py
Willie,Sherman,55,azneb@sopmu.dk
Rebecca,Aguilar,60,sud@zi.pt
Steve,Summers,43,kadju@ogi.pr
Mayme,Bell,64,wabfi@op.cm
Marguerite,Doyle,34,suaki@nu.zw
Francis,Morton,47,siwpupuc@baana.sm
Brian,Holland,37,gagrivizu@ki.vc
David,Murphy,25,fesi@denedwuv.bg
Jessie,Wong,50,zuga@ru.id
Timothy,Thornton,28,nag@va.dz
Dominic,Lucas,30,ihnep@repzag.mh
Marvin,Hogan,23,fobmulon@gu.si
Margaret,Newton,19,korpire@castijul.no
Phoebe,Watson,46,saw@fearigi.gq
Jason,Hogan,43,petatkap@otribbe.lu
Jay,Guzman,44,kup@pecofat.lv
Stephen,Harvey,38,ven@buj.gi
Victoria,Rowe,60,usuutfe@usmig.es
Lettie,Guzman,54,dikofac@vinlari.jo
Jane,Stokes,32,otuuvpo@san.wf
Marguerite,Walton,34,jajuro@redvuhumo.mu
Donald,Hodges,57,romkuwece@guha.rw
Brent,Fox,58,be@sowaej.mx
May,Doyle,63,lukoomi@pab.qa
Isabel,Garza,35,ija@civta.cm
Edward,Brewer,59,sikipci@ocietiri.sg
Victor,Cole,44,ho@waobi.ng
Clyde,Gibson,65,zorano@ifu.md
Henry,Logan,29,fawjel@fo.de
Ian,Oliver,18,firsovu@hep.se
Lewis,Abbott,27,ebrekmun@viiwi.zw
Verna,Johnson,20,kudhekji@dibva.jo
Ronnie,Fox,41,ukifiva@fut.mm
Theodore,Fowler,44,duikve@ge.mm
Mollie,Fields,29,golcu@je.gh
Donald,Cortez,55,veuj@se.am
Amy,Craig,64,kodipoj@okomomwo.aq
Edwin,Duncan,33,gup@si.kh
Alice,Terry,53,hen@uwenukhoz.nr
Ralph,Rice,53,lel@bo.ac
Larry,Higgins,52,wupo@zemgor.fi
Katharine,Wong,38,ozigeguh@otukebfow.my
Carolyn,Shaw,22,ce@jomiwo.sg
Alfred,Glover,24,eku@fadce.by
Glen,Ortega,65,wap@dowukul.yt
Gregory,Bradley,34,ro@vumofa.pt
Marie,Pena,57,ne@ojni.bv
Eunice,Garcia,29,jouzo@daebius.cg
Hettie,Lindsey,57,ledu@awu.bm
Pauline,Williamson,51,es@ahvomjej.sg
Lela,Lee,44,ebobivvo@ro.er
Randy,Hunt,26,maam@rozzut.nu
Jared,Fox,21,maavi@nuhahemu.ai
Sean,Reed,43,joke@nuznazmo.az
Eugenia,Davidson,31,vehvelgo@uzozi.ye
William,Long,43,so@becfov.lk
Antonio,Hart,47,sirof@aroijizet.kh
Rachel,Morgan,39,gibulog@ugucam.vg
Katie,Simmons,58,opmo@kuvubezed.aq
Curtis,Barnett,27,egabi@idga.cf
Grace,Hughes,24,vel@rawil.vi
Mitchell,Rose,18,ihzizij@uglag.sj
Bessie,Tran,27,kiidza@galahif.ba
Jeremiah,Allen,26,ohifo@sacajbi.kz
Bryan,Hart,20,hono@fun.ma
John,Joseph,45,tukviti@al.vg
Eric,Joseph,29,comocwob@daknafa.gu
Cameron,Maldonado,32,lol@ti.fr
Harvey,Estrada,21,mideze@gofre.ph
Francis,Morris,23,ja@tejibfuj.iq
Georgie,Collins,34,zakiwun@ku.ua
Georgie,Robinson,49,wiv@fobi.me
Jorge,Owens,52,jejcukow@pi.co
Inez,Gardner,20,jaz@kar.et
Miguel,Davidson,23,or@fubhat.tp
Adeline,Hanson,30,ne@mel.es
Charlotte,Fowler,57,finvupkim@ojsukiji.mu
Bruce,Summers,38,lopjaw@imu.gy
Marguerite,Cain,53,za@nocpiohi.na
Corey,Briggs,49,ilajesze@ucuh.rw
Cody,Lamb,46,rebwoskef@unzommiz.im
Mabelle,May,57,duwnosju@nek.ru
Victoria,McCormick,41,je@oj.pr
Bruce,Pearson,55,taz@loc.in
Leon,Singleton,22,egojuno@vur.ss
Olga,Reed,49,saseoj@dumbanon.az
Lilly,Jennings,22,iwugadco@il.gr
Hulda,Boyd,42,owerevteb@taji.pt
Lee,Perkins,23,zegfag@lizji.cw
Marvin,Terry,55,ridud@pevijvu.sj
Edna,Mullins,64,fazzeewo@lot.fr
Tony,Hill,62,goaze@ozaboter.sm
Tom,Greer,57,ebi@kizfizu.us
Victor,Wood,57,zufosoc@robhotmi.pw
Ella,Carr,39,hadhug@tuzvok.ga
Edwin,Hines,27,jup@nazef.sz
Adam,Manning,64,jafatur@ejbughu.na
Donald,Blair,60,fo@utja.pf
Minerva,Cunningham,37,opu@kob.sj
Marvin,Watts,36,duvbagkof@ko.pg
Dennis,Jordan,48,fogsaw@lum.bd
Stanley,Gray,19,hemihgaf@papsiw.bf
Isaac,James,46,vu@guvrotgez.mg
Jane,Henderson,35,ran@da.id
Mitchell,Morris,61,harwiksod@linokawe.ng
Frank,Poole,65,ozutoja@naossul.jo
Micheal,Baker,35,waoruwuw@seaku.id
Joshua,Aguilar,40,huso@wakguan.cw
Bertie,Moss,65,et@roh.bd
Dominic,Marshall,40,lewihwaf@dem.tk
Eula,Herrera,60,erbo@wu.mp
Eleanor,Logan,46,jomaef@kaselma.bv
Lenora,Knight,53,zen@acaje.zm
James,Hayes,26,fin@casuego.uz
Jonathan,Shelton,37,gu@jameval.kr
Justin,Green,65,keefa@tuzcopti.io
Anne,Holt,60,mibujon@soravaj.com
Elva,Lyons,54,atupat@muzvonew.ar
Phillip,Bowen,57,ran@cepmuz.tp
Ricky,Price,60,parkobpo@teme.bw
Charlie,Diaz,31,asgid@bevam.ge
Cecilia,Green,60,dawalu@zuzgegge.dj
Ada,Ramsey,57,ugibodi@ahipadi.ir
Frank,Beck,32,akite@galur.sx
Gordon,Huff,41,ohipa@lug.pa
Trevor,May,23,vazruv@zosno.sg
Cora,Atkins,52,piafu@opa.ge
Amy,Phillips,59,bujsetne@vov.vu
Joshua,Johnston,19,fuowo@do.sa
Melvin,Ramsey,29,muwe@urne.lt
Evelyn,Diaz,55,zoksed@zujpudna.li
Chester,McCoy,54,hud@ubbe.ml
